{"sections":{"hero_banner_custom_eEY93Y":{"type":"hero-banner-custom","name":"Hero Banner Custom","settings":{"bg_image":"shopify:\/\/shop_images\/hero-banner-2.jpg","bg_image_mbl":"shopify:\/\/shop_images\/hero-banner-2-m_mbl.jpg","hero_title_1":"Wellness from","hero_title_2":"Chew to Sip","btn_text":"Shop Now","btn_link":"shopify:\/\/products\/sleep-gummies"}},"product_showcase_custom_DVjeYm":{"type":"product-showcase-custom","blocks":{"product_9RkeXg":{"type":"product","settings":{"product_single":"ache-gumies","product_image":"shopify:\/\/shop_images\/product-1.jpg","product_description_checkbox":true}},"product_EWGExD":{"type":"product","settings":{"product_single":"gut-gummies","product_image":"shopify:\/\/shop_images\/product-2.jpg","product_description_checkbox":true}},"product_HKb8F3":{"type":"product","settings":{"product_single":"sleep-gummies","product_image":"shopify:\/\/shop_images\/product-3.jpg","product_description_checkbox":true}}},"block_order":["product_9RkeXg","product_EWGExD","product_HKb8F3"],"name":"Product Showcase Custom","settings":{"section_container":1200,"padding_top":70,"padding_bottom":70,"padding_top_desktop":40,"padding_bottom_desktop":40,"padding_top_mobile":30,"padding_bottom_mobile":30}},"category_cards_AxheMp":{"type":"category-cards","blocks":{"card_UpyNh9":{"type":"card","settings":{"card_image":"shopify:\/\/shop_images\/cat-icon.png","card_text":"Gummies","card_link":""}},"card_AqFKAK":{"type":"card","settings":{"card_image":"shopify:\/\/shop_images\/cat-icon.png","card_text":"Teas","card_link":""}},"card_RTNVT3":{"type":"card","settings":{"card_image":"shopify:\/\/shop_images\/cat-icon.png","card_text":"Bundles & Kits","card_link":""}}},"block_order":["card_UpyNh9","card_AqFKAK","card_RTNVT3"],"name":"Category Cards","settings":{"background_color":"#1d1d1d","font_size":20,"text_color":"#ffffff","section_container":1200,"padding_top":56,"padding_bottom":56,"padding_top_desktop":46,"padding_bottom_desktop":46,"padding_top_mobile":36,"padding_bottom_mobile":36}},"featured_collection_custom_zEFafG":{"type":"featured-collection-custom","name":"Featured Collection Custom","settings":{"collection":"custom-collection","products_to_show":10,"quick_add":"none","section_container":1200,"padding_top":120,"padding_bottom":0,"padding_top_desktop":80,"padding_bottom_desktop":0,"padding_top_mobile":60,"padding_bottom_mobile":40}}},"order":["hero_banner_custom_eEY93Y","product_showcase_custom_DVjeYm","category_cards_AxheMp","featured_collection_custom_zEFafG"]}