{"sections":{"17580239966a3c0f30":{"type":"apps","blocks":{"appstle_subscription_appstle_subscription_product_page_widget_tn3cqK":{"type":"shopify:\/\/apps\/appstle-subscription\/blocks\/appstle-subscription-product-page-widget\/fe257d39-6f88-4f35-ab08-bd437e3aa94e","settings":{}}},"block_order":["appstle_subscription_appstle_subscription_product_page_widget_tn3cqK"],"settings":{"include_margins":true}},"main":{"type":"main-product","blocks":{"vendor":{"type":"text","settings":{"text":"{{ product.vendor }}","text_style":"uppercase"}},"title":{"type":"title","settings":{}},"caption":{"type":"text","settings":{"text":"{{ product.metafields.descriptors.subtitle.value }}","text_style":"subtitle"}},"price":{"type":"price","settings":{}},"variant_picker":{"type":"variant_picker","settings":{"picker_type":"button","swatch_shape":"circle"}},"quantity_selector":{"type":"quantity_selector","settings":{}},"buy_buttons":{"type":"buy_buttons","settings":{"show_dynamic_checkout":true,"show_gift_card_recipient":true}},"description":{"type":"description","settings":{}},"collapsible-row-0":{"type":"collapsible_tab","settings":{"heading":"Materials","icon":"leather","content":"","page":""}},"collapsible-row-1":{"type":"collapsible_tab","settings":{"heading":"Shipping & Returns","icon":"truck","content":"","page":""}},"collapsible-row-2":{"type":"collapsible_tab","settings":{"heading":"Dimensions","icon":"ruler","content":"","page":""}},"collapsible-row-3":{"type":"collapsible_tab","settings":{"heading":"Care Instructions","icon":"heart","content":"","page":""}},"share":{"type":"share","settings":{"share_label":"Share"}}},"block_order":["vendor","title","caption","price","variant_picker","quantity_selector","buy_buttons","description","collapsible-row-0","collapsible-row-1","collapsible-row-2","collapsible-row-3","share"],"settings":{"enable_sticky_info":true,"color_scheme":"","media_size":"large","constrain_to_viewport":true,"media_fit":"contain","gallery_layout":"stacked","mobile_thumbnails":"hide","media_position":"left","image_zoom":"lightbox","hide_variants":true,"enable_video_looping":false,"padding_top":36,"padding_bottom":12}},"image-with-text":{"type":"image-with-text","blocks":{"image-with-text-0":{"type":"heading","settings":{"heading":"Image with text","heading_size":"h1"}},"image-with-text-1":{"type":"text","settings":{"text":"<p>Pair text with an image to focus on your chosen product, collection, or blog post. Add details on availability, style, or even provide a review.<\/p>","text_style":"body"}}},"block_order":["image-with-text-0","image-with-text-1"],"settings":{"height":"small","desktop_image_width":"medium","layout":"text_first","image_behavior":"none","content_layout":"no-overlap","desktop_content_position":"top","desktop_content_alignment":"left","mobile_content_alignment":"left","section_color_scheme":"","color_scheme":"scheme-2","padding_top":36,"padding_bottom":36}},"multicolumn":{"type":"multicolumn","blocks":{"column-0":{"type":"column","settings":{"title":"Free Shipping","text":"<p>Pair text with an image to focus on your chosen product, collection, or blog post. Add details on availability, style, or even provide a review.<\/p>","link_label":"","link":""}},"column-1":{"type":"column","settings":{"title":"Hassle-Free Exchanges","text":"<p>Pair text with an image to focus on your chosen product, collection, or blog post. Add details on availability, style, or even provide a review.<\/p>","link_label":"","link":""}}},"block_order":["column-0","column-1"],"settings":{"title":"","heading_size":"h1","image_width":"full","image_ratio":"adapt","button_label":"","button_link":"","columns_desktop":2,"column_alignment":"left","background_style":"none","color_scheme":"scheme-1","columns_mobile":"1","swipe_on_mobile":false,"padding_top":36,"padding_bottom":36}},"related-products":{"type":"related-products","settings":{"heading":"You may also like","heading_size":"h2","products_to_show":4,"columns_desktop":4,"columns_mobile":"2","color_scheme":"scheme-1","image_ratio":"square","image_shape":"default","show_secondary_image":true,"show_vendor":false,"show_rating":false,"padding_top":36,"padding_bottom":28}}},"order":["17580239966a3c0f30","main","image-with-text","multicolumn","related-products"]}