{"sections":{"product_information_custom_EEiVEx":{"type":"product-information-custom","blocks":{"image_GjUH8V":{"type":"Image","settings":{"brand_image":"shopify:\/\/shop_images\/icon-1_5fec84e6-3903-45b6-8b40-dea24ddc48ff.png"}},"image_9aU7Up":{"type":"Image","settings":{"brand_image":"shopify:\/\/shop_images\/icon-3_35ca7f96-af90-4bc5-8f79-d0b0ad71d8a7.png"}},"image_xVmb98":{"type":"Image","settings":{"brand_image":"shopify:\/\/shop_images\/icon-2_179ec680-8342-42dd-974f-56e3df994d81.png"}},"image_DnQCxa":{"type":"Image","settings":{"brand_image":"shopify:\/\/shop_images\/icon-4_c3740d16-2c86-42c5-9d1a-fc8e2fa0bbda.png"}},"image_33yKh7":{"type":"Image","settings":{"brand_image":"shopify:\/\/shop_images\/icon-5_ffef6bdb-bd53-4267-91b4-80dbb393720e.png"}}},"block_order":["image_GjUH8V","image_9aU7Up","image_xVmb98","image_DnQCxa","image_33yKh7"],"name":"Product Information 2","settings":{"brand_text":"Meet Astesia®","product_title":"Sleep Gummies","product_title_light":"Sleepy Doc","product_descripiton_text_1":"Delicious lemon-flavored gummies","product_descripiton_text_2":"crafted to help you fall asleep faster,","product_descripiton_text_3":"sleep deeper, and wake refreshed.","shop_btn_bg":"#e8d440","shop_btn_url":"https:\/\/asteasiastore.com\/checkouts\/cn\/hWN3Eqrh7PtciJsGGlkdb5RU\/en-us","shop_btn_color":"#000000","product_info_max_width":460,"section_image_main":"shopify:\/\/shop_images\/hero-banner-bg_m.jpg","section_image_mbl":"shopify:\/\/shop_images\/hero-banner-bg_mbl.jpg","section_bg":"#000216"}},"main":{"type":"main-product","blocks":{"title_Uz4f9j":{"type":"title","settings":{}},"price_fYaVct":{"type":"price","settings":{}},"variant_picker":{"type":"variant_picker","settings":{"picker_type":"button","swatch_shape":"circle"}},"buy_buttons":{"type":"buy_buttons","settings":{"show_dynamic_checkout":true,"show_gift_card_recipient":true}}},"block_order":["title_Uz4f9j","price_fYaVct","variant_picker","buy_buttons"],"disabled":true,"settings":{"enable_sticky_info":false,"color_scheme":"scheme-1","media_size":"large","constrain_to_viewport":true,"media_fit":"contain","gallery_layout":"stacked","mobile_thumbnails":"hide","media_position":"left","image_zoom":"lightbox","hide_variants":true,"enable_video_looping":false,"padding_top":36,"padding_bottom":12}},"subscription_section_VcAzBk":{"type":"subscription-section","blocks":{"selling_plan_gfgYb8":{"type":"selling_plan","settings":{}},"variant_picker_ppD8rh":{"type":"variant_picker","settings":{"picker_type":"button","swatch_shape":"circle"}},"buy_buttons_qN3ywb":{"type":"buy_buttons","settings":{"show_dynamic_checkout":true,"show_gift_card_recipient":true}}},"block_order":["selling_plan_gfgYb8","variant_picker_ppD8rh","buy_buttons_qN3ywb"],"name":"Subscription Sectoin","settings":{"subscription_image":"shopify:\/\/shop_images\/banner-2.png","subscription_image_2":"shopify:\/\/shop_images\/banner-2.png","subscription_image_3":"shopify:\/\/shop_images\/banner-2.png","ten_percent_off":"10% OFF & Cancel Anytime","Button_bg_color":"#1d214e","section_container":780,"padding_top":40,"padding_bottom":30,"padding_top_desktop":40,"padding_bottom_desktop":30,"padding_top_mobile":40,"padding_bottom_mobile":30}},"collapse_custom_9gxcm3":{"type":"collapse-custom","blocks":{"content_AXQjaz":{"type":"content","settings":{"collapse_title":"Refreshing Lemon Flavor 🍋","collapse_description":"<p>Packed with herbs like turmeric and Boswellia Serrata to support overall wellness.<\/p>"}},"content_hxizqL":{"type":"content","settings":{"collapse_title":"Calm Your Mind & Bod 😔","collapse_description":"<p>Packed with herbs like turmeric and Boswellia Serrata to support overall wellness.<\/p>"}},"content_G7AQyw":{"type":"content","settings":{"collapse_title":"Fall Asleep Faster 🛏️️","collapse_description":"<p>Packed with herbs like turmeric and Boswellia Serrata to support overall wellness.<\/p>"}},"content_r34YL6":{"type":"content","settings":{"collapse_title":"Wake Up Refreshed ⚡","collapse_description":"<p>Packed with herbs like turmeric and Boswellia Serrata to support overall wellness.<\/p>"}},"content_3yQxzb":{"type":"content","settings":{"collapse_title":"Provide Antioxidant Support ✨","collapse_description":"<p>Packed with herbs like turmeric and Boswellia Serrata to support overall wellness.<\/p>"}},"content_TjNEtD":{"type":"content","settings":{"collapse_title":"Dream-Enhancing Formula 🌙","collapse_description":"<p>Packed with herbs like turmeric and Boswellia Serrata to support overall wellness.<\/p>"}},"content_8GYAtB":{"type":"content","settings":{"collapse_title":"Clean, Conscious, Vegan 🌱","collapse_description":"<p>Packed with herbs like turmeric and Boswellia Serrata to support overall wellness.<\/p>"}},"content_Lmyg46":{"type":"content","settings":{"collapse_title":"Calm Your Mind & Body 😔","collapse_description":"<p>Packed with herbs like turmeric and Boswellia Serrata to support overall wellness.<\/p>"}}},"block_order":["content_AXQjaz","content_hxizqL","content_G7AQyw","content_r34YL6","content_3yQxzb","content_TjNEtD","content_8GYAtB","content_Lmyg46"],"name":"Collapse Custom","settings":{"section_top_heading":"Features at a Glance","section_bg":"#000216","section_color":"#fff","section_container":700,"padding_top":56,"padding_bottom":80,"padding_top_desktop":56,"padding_bottom_desktop":70,"padding_top_mobile":50,"padding_bottom_mobile":70}},"section_image_text_PM93ae":{"type":"section-image-text","blocks":{"content_rx8TcG":{"type":"content","settings":{"box_image":"shopify:\/\/shop_images\/box-1.jpg","box_title":"Make Falling Asleep","box_title_2":"Less Awkward","box_description":"<p>Naturally signals your body it’s time to rest, helping you fall asleep faster.*<\/p>"}},"content_aQkf6X":{"type":"content","settings":{"box_image":"shopify:\/\/shop_images\/box-2.jpg","box_title":"Reduce Morning","box_title_2":"Glares","box_description":"<p>promotes calm, reduces mental chatter, and eases you into sleep.*<\/p>"}},"content_fFkDMR":{"type":"content","settings":{"box_image":"shopify:\/\/shop_images\/box-3.jpg","box_title":"Dream Happier","box_title_2":"Dreams","box_description":"<p>An herbal remedy known for its soothing and sleep-promoting properties.*<\/p>"}},"content_zTYcHK":{"type":"content","settings":{"box_image":"shopify:\/\/shop_images\/box-4.jpg","box_title":"Skip the","box_title_2":"Zombie Mode","box_description":"<p>Encourages relaxation without morning drowsiness.*<\/p>"}},"content_DFB4FW":{"type":"content","settings":{"box_image":"shopify:\/\/shop_images\/box-4.jpg","box_title":"Skip the","box_title_2":"Zombie Mode","box_description":"<p>Encourages relaxation without morning drowsiness.*<\/p>"}}},"block_order":["content_rx8TcG","content_aQkf6X","content_fFkDMR","content_zTYcHK","content_DFB4FW"],"name":"Section Image Text","settings":{"section_top_heading_subtext":"A Dream Team of","section_top_heading":"","section_top_heading_bottom_text":"Restful Ingredients","section_heading_bottom_subtext":"","section_heading_bordercolor":"#8b94ed","section_bg":"#ffffff","section_color":"#000","section_title_to_content_gap":50,"section_title_to_content_gap_mbl":40,"image_border_radius":0,"section_container":940,"section_content_flex_gap":45,"section_content_flex_gap_mobile":30,"padding_top":80,"padding_bottom":80,"padding_top_desktop":60,"padding_bottom_desktop":60,"padding_top_mobile":46,"padding_bottom_mobile":46}},"image_slider_custom_bDmz7Q":{"type":"image-slider-custom","blocks":{"content_ygbmRW":{"type":"content","settings":{"box_image":"shopify:\/\/shop_images\/slider6.png","box_title":"Granotyme"}},"content_RmcjAn":{"type":"content","settings":{"box_image":"shopify:\/\/shop_images\/slider2.png","box_title":"Turmeric"}},"content_dUGAym":{"type":"content","settings":{"box_image":"shopify:\/\/shop_images\/slider-2.png","box_title":"Chamomile"}},"content_CFzNUK":{"type":"content","settings":{"box_image":"shopify:\/\/shop_images\/slider-3.png","box_title":"Clove"}},"content_wV3id7":{"type":"content","settings":{"box_image":"shopify:\/\/shop_images\/slider-1.png","box_title":"Boswellia Serrata"}},"content_xVfU4q":{"type":"content","settings":{"box_image":"shopify:\/\/shop_images\/slider2.png","box_title":"Turmeric"}},"content_AxqCn6":{"type":"content","settings":{"box_image":"shopify:\/\/shop_images\/slider-5.png","box_title":"Ginger Root"}}},"block_order":["content_ygbmRW","content_RmcjAn","content_dUGAym","content_CFzNUK","content_wV3id7","content_xVfU4q","content_AxqCn6"],"name":"Image Slider Custom","settings":{"section_column_number":"6","section_top_heading_subtext":"","section_top_heading":"Each Daily Serving Contains…","section_title_to_content_gap":50,"section_title_to_content_gap_mbl":40,"section_heading_bordercolor":"#8b94ed","section_bg":"#000216","section_color":"#fff","section_container":2000,"section_description":"<p>*Based on data from USDA Food Data Central<\/p>","padding_top":40,"padding_bottom":130,"padding_top_desktop":40,"padding_bottom_desktop":120,"padding_top_mobile":40,"padding_bottom_mobile":120}},"section_image_text_2_XW4UML":{"type":"section-image-text-2","blocks":{"content_ezJLEY":{"type":"content","settings":{"box_image":"shopify:\/\/shop_images\/sweetest-1.png","box_image_width":60,"box_image_height":60,"box_title":"Promotes Relaxation"}},"content_pEABb6":{"type":"content","settings":{"box_image":"shopify:\/\/shop_images\/sweetest-2.png","box_image_width":60,"box_image_height":60,"box_title":"Supports Sleep Quality"}},"content_z4yeEr":{"type":"content","settings":{"box_image":"shopify:\/\/shop_images\/sweetest-3.png","box_image_width":60,"box_image_height":60,"box_title":"Melatonin& Botanicals"}},"content_JmNpYm":{"type":"content","settings":{"box_image":"shopify:\/\/shop_images\/sweetest-4.png","box_image_width":60,"box_image_height":60,"box_title":"Vegan & Non-GMO"}},"content_48B7dh":{"type":"content","settings":{"box_image":"shopify:\/\/shop_images\/sweetest-5.png","box_image_width":60,"box_image_height":60,"box_title":"Helps You Fall Asleep Faster"}}},"block_order":["content_ezJLEY","content_pEABb6","content_z4yeEr","content_JmNpYm","content_48B7dh"],"name":"Section Image Text 2","settings":{"buy_now_text":"BUY NOW","buy_now_link_url":"","section_top_heading":"The sweetest way to say goodnight.","section_heading_bottom_subtext":"<p>Bedtime just got sweeter. ASTEASIA Sleep Gummies blend juicy berry and bright lemon notes into a soft, chewy treat that makes winding down a pleasure. No bitter herbal aftertaste — just a light, fruity sweetness that melts into your nightly routine. A perfect ending to your day, and a delicious start to your dreams.<\/p>","section_title_to_content_gap":60,"section_title_to_content_gap_mbl":50,"image_border_radius":10,"section_container":1150,"section_content_flex_gap":50,"section_content_flex_gap_mobile":30,"padding_top":60,"padding_bottom":60,"padding_top_desktop":40,"padding_bottom_desktop":40,"padding_top_mobile":32,"padding_bottom_mobile":32}},"product_contains_xWMEPT":{"type":"product-contains","blocks":{"text_qa3iRe":{"type":"text","settings":{"product_contains_title":"Total Carbohydrate","product_contains_title_value":"4 g"}},"text_EmdndD":{"type":"text","settings":{"product_contains_title":"Total Sugars","product_contains_title_value":"4 g"}},"text_qB78Pq":{"type":"text","settings":{"product_contains_title":"L-Theanine","product_contains_title_value":"30 mg"}},"text_nWJCbN":{"type":"text","settings":{"product_contains_title":"Melatonin","product_contains_title_value":"3 mg"}},"text_wiz7XX":{"type":"text","settings":{"product_contains_title":"GABA (Gamma-aminobutyric acid)\u2028","product_contains_title_value":"100 mg"}},"text_GWgHGM":{"type":"text","settings":{"product_contains_title":"Magnesium (as Magnesium Citrate)\u2028","product_contains_title_value":"50 mg"}},"text_BjeCaY":{"type":"text","settings":{"product_contains_title":"Chamomile Flower Extract(10:1) \u2028","product_contains_title_value":"70 mg"}}},"block_order":["text_qa3iRe","text_EmdndD","text_qB78Pq","text_nWJCbN","text_wiz7XX","text_GWgHGM","text_BjeCaY"],"name":"Product Contains","settings":{"section_bg":"#000216","section_color":"#fff","section_image_main":"shopify:\/\/shop_images\/element-bg-banner.jpg","section_image_mbl":"shopify:\/\/shop_images\/element-bg-banner_mbl.jpg","middle_content_title":"Serving Size:","middle_content_title_value":"2 gummies","contains_bottom_content_title":"Percent Daily Value","contains_bottom_title_value":"<p>(%DV) based on a 2,000 calorie diet<\/p>","section_container":1180,"section_content_flex_gap":70,"section_content_flex_gap_mobile":50,"padding_top":56,"padding_bottom":66,"padding_top_desktop":56,"padding_bottom_desktop":66,"padding_top_mobile":0,"padding_bottom_mobile":66}},"reveiw_slider_custom_Wni7Ah":{"type":"reveiw-slider-custom","blocks":{"content_kbnG4B":{"type":"content","settings":{"box_description":"<p>I’ve tried melatonin before, but nothing helped me stay asleep. With ASTEASIA, I fall asleep quickly and wake up refreshed — no groggy mornings<\/p>","review_star_number":"5"}},"content_gft8Rf":{"type":"content","settings":{"box_description":"<p>They taste so good that I actually look forward to taking them. It’s like my little bedtime ritual now.<\/p>","review_star_number":"4"}},"content_KUQnNL":{"type":"content","settings":{"box_description":"<p>I noticed a difference within the first few nights. I’m sleeping deeper, and even my smartwatch shows better sleep scores.<\/p>","review_star_number":"5"}},"content_NrK4G6":{"type":"content","settings":{"box_description":"<p>I noticed a difference within the first few nights. I’m sleeping deeper, and even my smartwatch shows better sleep scores.<\/p>","review_star_number":"5"}},"content_gqgDn6":{"type":"content","settings":{"box_description":"<p>I work night shifts and my schedule is crazy. These gummies help me wind down whenever I need to rest.<\/p>","review_star_number":"5"}},"content_MGHQXx":{"type":"content","settings":{"box_description":"<p>I used to toss and turn for hours. Now I’m asleep in 20 minutes, and I wake up feeling like I actually rested. Total game-changer.<\/p>","review_star_number":"5"}},"content_kxDVDn":{"type":"content","settings":{"box_description":"<p>They taste so good that I actually look forward to taking them. It’s like my little bedtime ritual now.<\/p>","review_star_number":"5"}}},"block_order":["content_kbnG4B","content_gft8Rf","content_KUQnNL","content_NrK4G6","content_gqgDn6","content_MGHQXx","content_kxDVDn"],"name":"Review Slider Custom","settings":{"section_column_number":"5","section_top_heading_subtext":"","section_top_heading":"Sleep Stories from","section_top_heading_bottom_text":"Our customers.","section_title_to_content_gap":60,"section_title_to_content_gap_mbl":50,"section_heading_bordercolor":"#8b94ed","section_heading_border_width":"188","section_bg":"#ffffff","section_color":"#000","section_container":2000,"padding_top":68,"padding_bottom":126,"padding_top_desktop":40,"padding_bottom_desktop":126,"padding_top_mobile":32,"padding_bottom_mobile":126}},"moneyback_gurranty_eEdyeV":{"type":"moneyback-gurranty","name":"Money Back Gurranty","settings":{"buy_now_text":"BUY NOW","buy_now_link_url":"","section_top_heading":"Your Best Sleep Awaits","section_heading_bottom_subtext":"<p> Try ASTEASIA Sleep Gummies risk-free. If you don’t love them after 30 nights, we’ll refund you.<\/p>","section_bg":"#000000","section_color":"#fff","section_container":700,"section_description":"<p>Try ASTEASIA Sleep Gummies risk-free. If you don’t love them after 30 nights, we’ll refund you.<\/p>","padding_top":40,"padding_bottom":40,"padding_top_desktop":40,"padding_bottom_desktop":40,"padding_top_mobile":40,"padding_bottom_mobile":40}},"section_image_text_3_NC4YJp":{"type":"section-image-text-3","blocks":{"content_DnjUNV":{"type":"content","settings":{"content_right":"row","box_image":"shopify:\/\/shop_images\/1.png","title_bg":"#3e4587","box_title":"Take 2 Gummies","box_description":"<p>Chew slowly 30 minutes before bedtime. Enjoy the sweet berry-lemon flavor while the botanicals start their gentle work.<\/p>"}},"content_DVw36R":{"type":"content","settings":{"content_right":"row-reverse","box_image":"shopify:\/\/shop_images\/2.png","title_bg":"#3e4587","box_title":"Unwind & Relax","box_description":"<p>Let melatonin, GABA, chamomile, and lemon balm begin to soothe your mind and relax your body. Consider pairing with light stretching, meditation, or reading.<\/p>"}},"content_Cwe68y":{"type":"content","settings":{"content_right":"row","box_image":"shopify:\/\/shop_images\/3.png","title_bg":"#3e4587","box_title":"Drift into Dreamland","box_description":"<p>Experience a smooth transition into deeper, more restorative sleep cycles — without restless tossing and turning.<\/p>"}},"content_XagUf4":{"type":"content","settings":{"content_right":"row-reverse","box_image":"shopify:\/\/shop_images\/4.png","title_bg":"#3e4587","box_title":"Wake Up Refreshed","box_description":"<p>No heavy head, no sluggish mornings — just clear focus, balanced energy, and a rested mind ready for the day ahead.<\/p>"}}},"block_order":["content_DnjUNV","content_DVw36R","content_Cwe68y","content_XagUf4"],"name":"Section Image Text 3","settings":{"section_top_heading":"How to Enjoy ASTEASIA","section_top_heading_bottom_text":"Sleep Gummies","section_heading_bottom_subtext":"","section_heading_bordercolor":"#8b94ed","section_top_heading_width":50,"section_top_heading_width_mbl":50,"section_heading_border_width":"151","section_bg":"#ffffff","section_color":"#000","section_title_to_content_gap":30,"section_title_to_content_gap_mbl":30,"section_container":800,"padding_top":68,"padding_bottom":68,"padding_top_desktop":40,"padding_bottom_desktop":40,"padding_top_mobile":32,"padding_bottom_mobile":32}},"related-products":{"type":"related-products","disabled":true,"settings":{"heading":"You may also like","heading_size":"h2","products_to_show":4,"columns_desktop":4,"columns_mobile":"2","color_scheme":"scheme-1","image_ratio":"square","image_shape":"default","show_secondary_image":true,"show_vendor":false,"show_rating":false,"padding_top":36,"padding_bottom":28}}},"order":["product_information_custom_EEiVEx","main","subscription_section_VcAzBk","collapse_custom_9gxcm3","section_image_text_PM93ae","image_slider_custom_bDmz7Q","section_image_text_2_XW4UML","product_contains_xWMEPT","reveiw_slider_custom_Wni7Ah","moneyback_gurranty_eEdyeV","section_image_text_3_NC4YJp","related-products"]}