{"name":"t:sections.footer.name","type":"footer","sections":{"testimonial_banner_9irecz":{"type":"testimonial-banner","name":"Testimonial Banner","settings":{"review_text":"Helps me sleep better","star_count":5,"button_text":"Learn More","button_link":"","background_color":"#d22532","text_color":"#ffffff","star_color":"#ffc107","button_color":"#000000","button_text_color":"#ffffff","button_hover_color":"#333333","padding":40,"margin":0}},"section_footer_twocolumns_Vxn96K":{"type":"section-footer-twocolumns","name":"Two Column Promo Banner","settings":{"left_heading":"Science & Ingredients","left_subheading":"Doctor - Formulated","left_button_text":"ALSO AVAILABLE AT","left_button_link":"","left_bg_color":"#007a89","right_heading":"Also Available At","right_logo":"shopify:\/\/shop_images\/Mask_group.png","right_bg_color":"#1d3320"}},"footer_custom_TpdGpD":{"type":"footer-custom","blocks":{"brand_information_tMHkkt":{"type":"brand_information","settings":{"show_social":true}},"link_list_KPBVDG":{"type":"link_list","settings":{"heading":"","menu":"footer"}},"image_EadTFX":{"type":"image","settings":{"image":"shopify:\/\/shop_images\/goli_logo.png","image_width":100,"alignment":"center","image_2":"shopify:\/\/shop_images\/b-corp-logo.png","image_width_2":100,"alignment_2":"center"}}},"block_order":["brand_information_tMHkkt","link_list_KPBVDG","image_EadTFX"],"name":"Footer Custom","settings":{"color_scheme":"scheme-3c18ce37-119d-4086-93db-2344f11935ec","newsletter_enable":true,"newsletter_heading":"Email","enable_follow_on_shop":true,"show_social":true,"enable_country_selector":true,"enable_language_selector":true,"payment_enable":true,"show_policy":true,"margin_top":0,"padding_top":44,"padding_bottom":44}},"footer":{"type":"footer","blocks":{"brand_information_CzL4g8":{"type":"brand_information","settings":{"show_social":true}},"link_list_nLyRMQ":{"type":"link_list","settings":{"heading":"Quick links","menu":"footer"}},"text_RL9Ga7":{"type":"text","settings":{"heading":"Heading","subtext":"<p>Share contact information, store details, and brand content with your customers.<\/p>"}},"image_XLj4aC":{"type":"image","settings":{"image_width":100,"alignment":"center"}}},"block_order":["brand_information_CzL4g8","link_list_nLyRMQ","text_RL9Ga7","image_XLj4aC"],"disabled":true,"settings":{"color_scheme":"","newsletter_enable":true,"newsletter_heading":"Keep well with Asteasia ®","enable_follow_on_shop":true,"show_social":true,"enable_country_selector":true,"enable_language_selector":true,"payment_enable":true,"show_policy":true,"margin_top":0,"padding_top":36,"padding_bottom":36}}},"order":["testimonial_banner_9irecz","section_footer_twocolumns_Vxn96K","footer_custom_TpdGpD","footer"]}