{"name":"t:sections.header.name","type":"header","sections":{"announcement-bar":{"type":"announcement-bar","blocks":{"announcement-bar-0":{"type":"announcement","settings":{"text":"<p>Free Shipping - Fully Tracked,<strong>Taxes & Duties Covered. <\/strong>Delivered Right to Your Door!<\/p>","link":"\/collections\/all","bg_color":"#ba1f1d","text_color":"#ffffff","font_family":"Poppins, sans-serif","font_size":16,"font_weight":"normal","font_style":"normal","padding_top":6,"padding_right":10,"padding_bottom":6,"padding_left":10,"text_alignment":"center"}}},"block_order":["announcement-bar-0"],"settings":{"bg_color":"#ba1f1d","auto_rotate":false,"change_slides_speed":5,"color_scheme":"scheme-1","show_line_separator":true,"show_social":false,"enable_country_selector":false,"enable_language_selector":false}},"header":{"type":"header","settings":{"logo_position":"middle-left","mobile_logo_position":"center","menu":"main-menu-1","menu_type_desktop":"dropdown","sticky_header_type":"always","show_line_separator":true,"color_scheme":"scheme-2","menu_color_scheme":"","enable_country_selector":false,"enable_language_selector":false,"enable_customer_avatar":true,"margin_bottom":0,"padding_top":8,"padding_bottom":8}}},"order":["announcement-bar","header"]}